GB,EM
73,69
79,66
72,71
73,70
72,62
77,68
79,69
80,69
79,56
74,62
74,66
78,56
72,70
79,63
35,59
49,68
46,71
34,65
32,69
30,67
39,65
45,69
32,69
48,76
39,64
41,71
37,64
34,68
34,66
49,70
36,63
36,65
44,65
34,67
46,53
35,53
42,47
39,44
34,47
44,34
46,53
37,48
35,55
32,48
33,44
37,47
44,43
37,44
35,56
44,42
34,44
30,42
34,45
44,56
44,54
34,45
35,43
42,46
36,37
31,44
44,53
49,56
36,44
35,43
32,45
36,44
34,47
42,54
36,55
32,45
46,44
42,44
37,54
40,44
46,56
38,44
46,56
37,53
42,52
38,44
38,42
46,44
38,52
34,53
40,50
37,45
41,53
42,45
39,56
30,45
39,53
37,51
34,42
36,44
37,53
44,48
38,56
34,53
39,46
43,54
33,53
32,45
44,36
46,44
45,37
43,56
31,53
44,48
34,54
48,53
41,48
35,55
40,52
30,45
33,42
43,48
38,47
33,23
34,27
41,30
46,28
49,28
38,28
46,49
44,28
35,26
30,33
44,31
32,34
38,32
35,28
48,22
40,28
32,23
34,33
46,32
32,25
37,24
45,28
42,28
37,31
35,30
35,32
34,28
41,24
43,28
32,26
33,28
47,32
38,30
42,31
50,30
38,28
44,35
35,30
41,28
30,28
33,32
39,28
43,31
40,23
36,33
43,40
34,25
42,28
33,30
42,26
33,28
45,28
30,24
34,27
44,25
34,31
44,25
31,28
34,28
44,28
30,31
46,23
39,23
40,25
49,28
34,28
35,34
44,34
33,27
38,28
34,27
38,28
41,24
42,30
42,31
39,28
41,28
31,28
28,30
38,28
36,33
34,24
34,30
36,32
37,28
46,19
35,27
31,30
31,24
44,30
35,25
34,27
37,30
43,34
46,28
46,23
37,30
37,27
31,31
39,30
39,36
37,30
47,30
38,26
35,33
34,30
34,30
41,31
35,28
34,28
31,27
34,28
34,28
42,23
31,26
35,33
35,35
36,28
28,31
34,28
32,28
37,31
34,26
41,32
31,27
34,30
46,25
45,27
43,25
35,33
34,28
37,32
46,32
39,31
31,31
34,27
43,28
46,28
32,28
34,31
37,30
36,26
48,22
44,26
35,22
48,26
34,28
39,28
45,28
44,26
35,28
45,27
28,32
41,28
37,28
30,31
33,30
42,37
35,27
42,28
35,25
45,24
35,28
52,26
46,25
47,35
49,28
47,30
40,27
48,21
48,22
53,18
50,19
49,25
54,16
50,15
51,21
50,14
67,18
62,18
46,25
47,19
46,28
62,19
52,22
50,20
48,20
47,19
51,19
56,16
45,23
26,25
28,24
34,23
28,22
28,22
28,18
27,25
30,17
16,21
32,16
30,18
26,16
28,23
24,11
26,28
27,18
26,17
27,18
28,16
28,16
30,23
35,22
24,14
26,23
22,19
27,22
26,12
27,23
34,19
25,31
26,17
38,22
26,18
43,21
24,11
31,22
26,22
30,22
22,23
27,23
37,24
28,15
28,36
23,43
42,45
23,44
27,40
28,46
35,44
23,47
28,48
27,46
28,45
27,40
22,46
26,42
30,46
26,46
28,51
26,53
27,49
28,49
25,41
28,44
31,43
25,45
25,40
31,44
23,49
30,38
28,35
37,49
22,47
28,40
23,44
28,46
26,42
26,41
28,41
25,43
23,46
25,50
26,46
22,42
28,44
30,46
34,49
34,48
36,45
28,43
28,45
27,41
24,40
28,46
27,44
36,56
37,43
15,36
21,44
13,42
19,42
11,46
13,45
19,42
11,47
15,49
19,45
16,41
15,44
11,47
12,46
64,45
60,43
66,45
63,54
60,41
64,37
63,31
68,36
67,38
61,41
68,40
63,40
63,39
68,35
64,40
63,40
62,45
63,41
63,43
66,42
62,42
66,47
65,35
65,36
64,42
68,41
65,37
62,49
66,35
63,44
61,34
61,35
68,40
66,41
68,40
61,40
62,36
59,49
62,40
66,36
62,43
66,44
65,31
67,41
61,31
62,46
67,34
62,44
64,41
65,41
67,42
63,33
64,28
61,44
68,42
60,40
63,38
65,33
64,42
65,42
60,40
62,37
65,34
62,43
66,43
68,49
63,42
69,34
62,42
66,41
65,42
66,41
67,38
66,40
65,45
65,40
68,44
61,40
68,40
65,32
62,36
65,37
64,41
62,44
67,43
64,34
62,42
65,44
60,42
61,51
69,42
66,44
46,39
49,40
49,42
48,41
49,40
55,37
62,41
56,46
49,37
47,42
46,42
48,39
50,40
50,45
56,37
49,49
49,47
49,44
48,31
48,42
49,42
45,41
50,40
49,46
46,40
49,38
49,40
49,42
49,48
49,39
55,43
50,39
46,31
50,42
51,49
49,41
52,44
53,35
50,42
49,44
51,43
56,44
48,44
56,34
47,42
49,39
55,47
46,38
49,45
49,31
46,40
52,41
49,44
46,43
49,37
38,36
46,34
38,42
50,45
49,44
53,41
49,41
55,38
49,41
49,52
48,42
44,45
49,40
56,42
50,43
46,42
37,42
56,42
56,41
54,40
49,41
47,38
50,41
42,39
47,43
61,34
48,41
44,44
47,44
45,46
56,37
57,42
66,42
49,36
50,39
47,41
46,44
56,31
49,40
47,40
49,44
47,32
49,44
56,41
50,41
49,38
49,42
47,40
50,33
49,32
49,41
49,41
48,36
47,38
59,44
49,34
48,42
56,44
49,42
48,42
50,53
50,45
49,41
48,41
52,45
49,37
46,46
49,41
47,37
49,39
49,43
49,45
49,44
57,35
51,43
39,36
47,49
48,41
46,39
48,39
47,31
44,44
48,41
53,42
46,34
55,43
45,45
46,40
37,37
49,40
49,30
53,43
49,46
55,44
46,31
56,33
48,32
48,31
54,40
45,43
45,46
47,30
48,40
47,43
53,26
46,43
49,46
46,46
55,34
53,41
44,46
47,46
53,41
48,40
48,42
53,42
56,44
56,43
56,40
56,33
62,31
44,41
54,35
47,42
53,44
59,42
52,39
44,42
56,39
55,40
47,44
59,44
46,40
49,53
50,41
47,42
50,47
46,40
53,41
45,46
67,46
67,32
68,34
68,42
69,41
68,38
69,44
67,43
77,35
59,34
69,40
67,40
70,39
68,46
67,44
69,44
67,42
69,34
68,39
67,40
69,41
69,39
71,42
68,41
69,34
69,42
68,42
69,35
56,70
64,76
65,70
57,69
65,65
65,71
61,67
65,69
61,68
62,71
65,67
10,68
8,69
8,64
47,67
47,68
44,69
46,67
42,68
50,69
44,68
50,76
48,68
46,67
45,68
45,69
47,68
46,76
46,69
51,75
45,15
46,25
46,19
43,21
44,19
47,22
48,19
44,19
42,18
45,21
43,19
51,18
47,20
46,20
41,19
42,12
39,20
42,18
41,18
41,14
40,16
41,18
41,18
41,20
42,15
42,15
31,18
44,20
42,16
44,21
3,21
6,70
7,73
7,68
5,69
9,72
8,67
6,70
10,71
8,68
8,64
6,68
7,67
9,68
5,67
9,68
8,73
15,68
7,68
7,70
1,68
7,69
9,57
5,57
4,55
9,54
17,53
7,54
10,54
4,53
6,62
6,59
5,57
10,56
9,55
9,61
8,55
7,56
10,56
7,56
5,56
4,62
8,56
10,52
8,56
12,46
17,56
15,55
23,52
28,61
25,56
21,60
22,56
18,61
28,59
16,54
18,9
21,10
15,6
25,7
22,5
21,9
23,9
17,9
24,11
28,11
21,7
20,6
18,8
20,8
18,8
18,7
19,9
28,3
18,7
22,9
18,9
18,10
19,9
32,11
24,11
20,11
20,10
19,4
25,7
22,12
20,6
27,6
22,15
21,11
20,6
18,7
17,9
16,6
18,9
22,7
21,5
21,9
13,6
17,6
22,9
21,4
17,9
26,9
23,5
22,14
33,11
22,5
16,9
17,6
26,6
16,8
47,10
44,4
45,9
41,6
47,4
64,8
0,85
9,78
14,94
6,82
17,71
20,77
17,84
13,82
14,74
19,71
48,85
43,85
27,79
31,80
30,83
26,85
33,73
28,73
25,68
28,68
28,67
25,62
31,56
43,67
55,67
59,63
55,64
56,59
53,64
78,73
79,57
70,66
77,69
74,68
83,68
78,70
78,63
86,68
82,97
81,98
73,97
78,79
78,78
74,78
82,80
69,64
68,63
68,64
68,63
66,66
71,66
63,63
70,69
64,63
27,68
19,63
28,64
24,70
62,68
64,65
63,65
59,66
53,62
51,61
56,68
61,62
62,71
64,69
51,68
49,67
42,64
47,65
13,71
9,65
5,74
9,63
9,69
4,65
7,63
17,69
98,68
66,68
66,70
4,69
1,76
23,72
3,67
96,68
